brand,model,processor_brand,processor_name,processor_gnrtn,ram_gb,ram_type,os,os_bit,display_size,price,memory,star
ASUS,Celeron,Intel,Celeron Dual,Missing,4,DDR4,Windows,64,15.6,23990,1024,3.8
ASUS,Vivobook,Intel,Core i3,10th,8,DDR4,Windows,64,15.6,37990,512,4.3
ASUS,Vivobook,Intel,Core i3,10th,8,DDR4,Windows,64,14.1,32890,1024,3.9
HP,Core,Intel,Core i3,11th,8,DDR4,Windows,64,15.6,42990,512,4.4
HP,Core,Intel,Core i5,11th,8,DDR4,Windows,64,15.6,54990,512,4.2
Lenovo,Ideapad,Intel,Core i3,10th,8,DDR4,Windows,64,15.6,35990,1024,4
HP,15s,AMD,Ryzen 3,Missing,8,DDR4,Windows,64,15.6,41999,1280,4.3
ASUS,Core,Intel,Core i3,11th,4,DDR4,Windows,64,14,34429,256,4.1
DELL,Vostro,Intel,Core i3,10th,8,DDR4,Windows,64,15.6,41490,1280,5
Lenovo,Ideapad,Intel,Core i3,10th,8,DDR4,Windows,32,15.6,37990,256,4.3
HP,Core,Intel,Core i5,11th,8,DDR4,Windows,64,15.6,53990,512,4.1
HP,Ryzen,AMD,Ryzen 3,Missing,8,DDR4,Windows,64,15.6,37990,256,4.3
HP,Pavilion,AMD,Ryzen 5,Missing,8,DDR4,Windows,64,15.6,57990,512,4.5
Lenovo,Ideapad,Intel,Core i5,11th,8,DDR4,Windows,64,14,52990,512,4.2
ASUS,Vivobook,Intel,Core i3,11th,4,DDR4,Windows,32,15.6,35990,256,4.3
DELL,Vostro,AMD,Ryzen 3,Missing,8,DDR4,Windows,64,14,35990,1024,4.1
ASUS,Vivobook,Intel,Core i3,10th,8,DDR4,Windows,64,14,33980,256,4.4
HP,Pavilion,Intel,Core i5,11th,16,DDR4,Windows,64,14,67990,512,4.5
HP,Core,Intel,Core i3,11th,8,DDR4,Windows,64,14,39990,256,4.2
APPLE,2020,Apple,M1 Processor,Missing,8,DDR4,Mac,64,13.3,85990,256,4.7
ASUS,Vivobook,Intel,Pentium Silver,Missing,4,DDR4,Windows,64,14,29990,256,4
ASUS,Vivobook,Intel,Core i7,10th,16,DDR4,Windows,64,15.6,57990,512,4.4
HP,Core,Intel,Core i3,11th,8,DDR4,Windows,64,15.6,42990,512,4.3
Lenovo,Ideapad,Intel,Celeron Dual,Missing,4,DDR4,Windows,64,14,31999,256,4.3
DELL,Vostro,Intel,Core i3,10th,8,DDR4,Windows,64,14,39490,256,4
DELL,Inspiron,Intel,Core i3,11th,8,DDR4,Windows,64,15.6,45490,1280,4.3
MSI,GF63,Intel,Hexa Core,Missing,8,DDR4,Windows,64,15.6,55990,1280,4.3
MSI,GF63,Intel,Core i7,10th,8,DDR4,Windows,64,15.6,63990,1280,4.4
ASUS,TUF,Intel,Core i5,10th,8,DDR4,Windows,64,15.6,57990,512,4.3
ASUS,Ryzen,AMD,Ryzen 3,Missing,8,DDR4,Windows,64,15.6,35990,256,4.5
Lenovo,Ideapad,Intel,Core i5,11th,16,DDR4,Windows,64,15.6,62300,512,4.3
realme,Book(Slim),Intel,Core i5,11th,8,DDR4,Windows,64,14,52990,512,4.4
acer,Aspire,AMD,Ryzen 3,Missing,8,DDR4,Windows,64,15.6,36990,512,4.4
RedmiBook,15,Intel,Core i3,11th,8,DDR4,Windows,32,15.6,38990,256,4.6
ASUS,Vivobook,Intel,Core i5,11th,8,DDR4,Windows,32,15.6,50990,1280,4.3
ASUS,Vivobook,Intel,Core i7,10th,8,DDR4,Windows,64,15.6,61990,512,4.3
MSI,GF65,Intel,Core i7,10th,16,DDR4,Windows,64,15.6,84990,1024,4.5
DELL,Inspiron,AMD,Ryzen 3,Missing,8,DDR4,Windows,64,15.6,39490,256,4.4
ASUS,Vivobook,Intel,Core i5,10th,8,DDR4,Windows,64,15.6,55990,1280,4.3
HP,Pavilion,Intel,Core i3,11th,8,DDR4,Windows,64,14,53990,256,4.5
DELL,Vostro,AMD,Ryzen 5,Missing,8,DDR4,Windows,64,14,41990,256,4.6
Lenovo,Core,Intel,Core i5,11th,8,DDR4,Windows,64,15.6,52990,512,4.3
acer,Aspire,Intel,Core i3,11th,8,DDR4,Windows,64,15.6,38990,256,0
realme,Book,Intel,Core i3,11th,8,DDR4,Windows,64,14,46990,256,0
ASUS,Vivobook,Intel,Core i3,10th,4,DDR4,Windows,64,15.6,35990,512,4.4
Lenovo,Ideapad,AMD,Ryzen 5,Missing,8,DDR4,Windows,64,15.6,56990,512,4.4
Lenovo,Ideapad,Intel,Core i5,11th,8,DDR4,Windows,64,15.6,51990,512,4.5
Lenovo,Ideapad,AMD,Ryzen 5,Missing,8,DDR4,Windows,64,15.6,48990,512,4.2
Lenovo,Ideapad,Intel,Core i5,11th,16,DDR4,Windows,64,14,61990,512,4.4
DELL,Inspiron,AMD,Ryzen 5,Missing,8,DDR4,Windows,64,15.6,49490,1280,4.2
DELL,Inspiron,Intel,Core i3,11th,8,DDR4,Windows,64,15.6,42490,1024,4
ASUS,Vivobook,AMD,Ryzen 5,Missing,8,DDR4,Windows,64,15.6,54990,1280,4
RedmiBook,15,Intel,Core i3,11th,8,DDR4,Windows,32,15.6,42990,512,4.5
Lenovo,Legion,AMD,Ryzen 5,Missing,8,DDR4,Windows,64,15.6,68500,1280,4.5
HP,Ryzen,AMD,Ryzen 5,Missing,8,DDR4,Windows,64,14,49970,512,4.3
Lenovo,Ideapad,Intel,Core i5,11th,8,DDR4,Windows,64,15.6,49490,256,4.5
ASUS,Vivobook,Intel,Core i3,11th,8,DDR4,Windows,64,14,42990,512,4.5
MSI,Modern,AMD,Ryzen 5,Missing,8,DDR4,Windows,64,14,47990,512,4.3
HP,Ryzen,AMD,Ryzen 5,Missing,8,DDR4,Windows,64,15.6,48990,512,4.3
ASUS,Core,Intel,Core i3,11th,8,DDR4,Windows,64,15.6,37990,256,4.6
ASUS,Vivobook,Intel,Core i3,11th,8,DDR4,Windows,64,14,37890,256,4.4
RedmiBook,Pro,Intel,Core i5,11th,8,DDR4,Windows,32,15.6,48990,512,4.3
HP,Pavilion,AMD,Ryzen 7,Missing,16,DDR4,Windows,64,15.6,75990,1280,4.6
APPLE,2020,Apple,M1 Processor,Missing,8,DDR4,Mac,64,13.3,112990,256,4.2
Lenovo,Ideapad,Intel,Core i3,11th,8,DDR4,Windows,64,14,38990,256,4.5
ASUS,Vivobook,Intel,Core i5,11th,8,LPDDR4X,Windows,32,14,63990,512,4.8
ASUS,Vivobook,Intel,Core i3,11th,8,LPDDR4X,Windows,32,14,51990,512,4.2
Lenovo,Thinkpad,Intel,Core i5,11th,8,DDR4,Windows,64,15.6,65990,512,4.6
Nokia,PureBook,Intel,Core i5,10th,8,DDR4,Windows,64,14,47990,512,4.7
acer,Swift,AMD,Ryzen 5,Missing,8,LPDDR4X,Windows,64,14,53990,512,4.6
ASUS,Vivobook,Intel,Core i3,11th,8,DDR4,Windows,64,15.6,48990,512,4.4
acer,Aspire,Intel,Core i5,11th,8,DDR4,Windows,64,15.6,52990,512,4.9
APPLE,MacBook,Apple,M1 Processor,Missing,16,DDR4,Mac,64,13.3,149990,512,4.5
acer,Predator,Intel,Core i7,11th,16,DDR4,Windows,64,15.6,92990,1536,4.2
ASUS,ASUS,AMD,Ryzen 7,Missing,16,DDR4,Windows,32,17.3,76990,512,4.8
Lenovo,Ideapad,Intel,Core i5,10th,8,DDR4,Windows,64,15.6,49990,512,4.5
ASUS,ASUS,Intel,Core i5,11th,8,DDR4,Windows,64,17.3,71990,512,4.8
Lenovo,Ideapad,Intel,Core i3,10th,8,DDR4,Windows,64,14,37990,256,0
ASUS,Vivobook,Intel,Core i5,10th,8,DDR4,Windows,64,15.6,47990,512,4.4
ASUS,ASUS,Intel,Core i5,11th,8,DDR4,Windows,64,15.6,75990,1024,4.2
Nokia,PureBook,Intel,Core i5,10th,8,DDR4,Windows,64,14,45990,512,4
Lenovo,Ideapad,Intel,Core i5,10th,8,DDR4,Windows,32,15.6,48490,512,4.5
ASUS,ASUS,Intel,Core i5,11th,8,DDR4,Windows,64,17.3,72990,512,4.7
ASUS,Vivobook,AMD,Ryzen 5,Missing,8,DDR4,Windows,64,15.6,54990,1280,4.3
MSI,Katana,Intel,Core i5,11th,16,DDR4,Windows,64,15.6,76990,512,4.5
APPLE,MacBook,Apple,M1 Processor,Missing,16,DDR4,Mac,64,13.3,104990,256,4.6
MSI,GF65,Intel,Hexa Core,Missing,16,DDR4,Windows,64,15.6,76990,512,4.6
acer,Aspire,Intel,Core i5,11th,8,DDR4,Windows,64,15.6,57990,1280,4.7
ASUS,Vivobook,Intel,Core i5,11th,8,DDR4,Windows,64,15.6,52990,1280,4.5
DELL,Vostro,Intel,Core i3,11th,8,DDR4,Windows,64,14.96,41990,256,4.6
Lenovo,Ideapad,AMD,Ryzen 5,Missing,8,DDR4,Windows,64,15.6,52990,512,0
ASUS,TUF,Intel,Core i5,11th,16,DDR4,Windows,64,15.6,89990,512,3.6
ASUS,Vivobook,Intel,Core i3,11th,8,DDR4,Windows,64,14,42990,512,4.2
APPLE,2020,Apple,M1 Processor,Missing,8,DDR4,Mac,64,13.3,125990,512,4.6
ASUS,Vivobook,Intel,Core i3,11th,8,DDR4,Windows,64,15.6,45990,256,4.5
MSI,GF63,Intel,Core i5,10th,8,DDR4,Windows,64,15.6,59990,512,4.6
MSI,Katana,Intel,Core i7,Missing,,,Missing,32,Missing,86990,0,4.5
ASUS,Zenbook,Intel,Core i7,11th,16,LPDDR4X,Windows,64,14,104990,1024,4.5
APPLE,2020,Apple,M1 Processor,Missing,8,DDR4,Mac,64,13.3,103990,512,4.5
acer,Predator,Intel,Core i7,11th,16,DDR4,Windows,32,15.6,119990,1536,0
APPLE,2020,Apple,M1 Processor,Missing,8,DDR4,Mac,64,13.3,112990,256,4.7
APPLE,2020,Apple,M1 Processor,Missing,8,DDR4,Mac,64,13.3,101990,512,4.5
ASUS,Pentium,Intel,Pentium Quad,Missing,4,LPDDR4,Windows,64,15.6,27990,1024,4.8
HP,Celeron,Intel,Celeron Dual,Missing,8,DDR4,Windows,64,14,32490,256,4.7
DELL,Inspiron,AMD,Ryzen 3,Missing,8,DDR4,Windows,64,14.96,36990,256,0
DELL,Inspiron,Intel,Core i5,11th,8,DDR4,Windows,64,15.6,57990,1280,4
Lenovo,Core,Intel,Core i3,10th,8,DDR4,Windows,64,15.6,38990,512,4.2
HP,Ryzen,AMD,Ryzen 3,Missing,8,DDR4,Windows,64,14,43490,512,4.2
Lenovo,Ideapad,Intel,Core i3,11th,8,DDR4,Windows,64,15.6,39990,256,3.9
ASUS,TUF,Intel,Core i5,10th,8,DDR4,Windows,64,15.6,65990,512,4.6
DELL,Inspiron,Intel,Core i5,11th,8,DDR4,Windows,64,14,71990,512,4.3
DELL,Inspiron,Intel,Core i3,11th,8,DDR4,Windows,64,15.6,42490,256,4.4
DELL,Inspiron,Intel,Core i3,11th,8,DDR4,Windows,64,15.6,44490,1280,4.7
DELL,Inspiron,Intel,Core i3,11th,8,DDR4,Windows,64,14.96,45990,512,4.8
acer,Nitro,AMD,Ryzen 5,Missing,,,Missing,32,Missing,59990,0,4.3
ASUS,Vivobook,Intel,Core i3,11th,8,DDR4,Windows,64,14.1,41890,1280,4.3
acer,Aspire,AMD,Ryzen 5,Missing,8,DDR4,Windows,64,15.6,43990,512,4.5
MSI,Pulse,Intel,Core i7,Missing,,,Missing,32,Missing,109990,0,4.2
APPLE,MacBook,Apple,M1 Processor,Missing,16,DDR4,Mac,64,13.3,132990,256,0
Lenovo,Ideapad,AMD,Ryzen 5,Missing,8,DDR4,Windows,64,15.6,59490,512,4.6
HP,Core,Intel,Core i3,10th,8,DDR4,Windows,64,15.6,42490,512,4.8
MSI,Alpha,AMD,Ryzen 7,Missing,16,DDR4,Windows,64,15.6,99990,1024,4.5
ASUS,ROG,AMD,Ryzen 7,Missing,8,LPDDR4X,Windows,64,14,72990,1024,4.3
DELL,Inspiron,Intel,Core i5,11th,8,DDR4,Windows,64,14,71890,512,4.7
lenovo,Ideapad,Intel,Core i5,Missing,,,Missing,32,Missing,72990,0,4.6
MSI,GF63,Intel,Core i7,10th,16,DDR4,Windows,64,15.6,79990,512,4.3
ASUS,ROG,AMD,Ryzen 9,Missing,16,DDR4,Windows,64,15.6,135990,1024,4.2
Lenovo,Ideapad,Intel,Core i7,10th,8,DDR4,Windows,64,15.6,68990,512,4.5
MSI,Bravo,AMD,Ryzen 5,Missing,8,DDR4,Windows,64,15.6,64990,512,0
Infinix,INBook,Intel,Core i3,10th,8,LPDDR4X,Windows,64,14,32990,256,4.5
ASUS,Zenbook,Intel,Core i7,11th,16,LPDDR4X,Windows,64,14,134990,1024,4.5
acer,Nitro,AMD,Ryzen 7,Missing,16,DDR4,Windows,64,15.6,89990,1280,4.3
Lenovo,Ideapad,Intel,Core i5,11th,16,DDR4,Windows,64,15.6,64990,512,0
RedmiBook,Notebook,Intel,Core i7,10th,8,DDR4,Windows,64,14,59490,512,4.4
HP,Core,Intel,Core i3,11th,8,DDR4,Windows,64,15.6,43970,512,0
ASUS,Vivobook,Intel,Core i5,11th,16,DDR4,Windows,64,14,65990,512,4.2
APPLE,MacBook,Apple,M1 Processor,Missing,16,DDR4,Mac,64,13.3,104990,256,4.3
DELL,Vostro,Intel,Core i3,10th,4,DDR4,Windows,64,14,36990,256,0
APPLE,MacBook,Apple,M1 Processor,Missing,8,DDR4,Mac,64,13.3,104990,512,4.7
HP,Core,Intel,Core i5,11th,8,DDR4,Windows,64,15.6,55999,512,4.3
ASUS,Vivobook,Intel,Core i5,11th,16,DDR4,Windows,64,14,73490,512,4.7
HP,Pavilion,Intel,Core i5,11th,16,DDR4,Windows,64,14,74490,512,4.8
acer,Aspire,Intel,Core i5,11th,8,DDR4,Windows,64,15.6,56990,1280,4.5
DELL,Vostro,AMD,Ryzen 5,Missing,8,DDR4,Windows,64,14,47490,512,4.3
Lenovo,Ideapad,Intel,Core i3,11th,8,DDR4,Windows,64,14,53990,256,4
HP,HP,AMD,Ryzen 5,Missing,8,DDR4,Windows,64,15.6,59990,512,2.5
acer,Nitro,AMD,Ryzen 7,Missing,16,DDR4,Windows,64,15.6,81990,1280,4.4
ASUS,Vivobook,Intel,Core i3,11th,8,DDR4,Windows,64,14,36990,256,4.4
ASUS,Core,Intel,Core i3,10th,4,DDR4,Windows,64,15.6,39990,512,4.5
DELL,Ryzen,AMD,Ryzen 3,Missing,8,DDR4,Windows,64,15.6,39990,256,4.4
ASUS,Ryzen,AMD,Ryzen 7,Missing,16,DDR4,Windows,64,14,79990,512,4.3
Lenovo,Ideapad,Intel,Core i3,10th,4,DDR4,Windows,64,15.6,38940,256,4.6
DELL,Inspiron,Intel,Core i3,10th,4,DDR4,Windows,64,15,39490,256,0
ASUS,Chromebook,Intel,Celeron Dual,Missing,4,LPDDR4,Missing,32,Missing,23490,0,4.3
HP,Pavilion,Intel,Core i5,11th,8,DDR4,Windows,64,14,58340,512,4.4
ASUS,ROG,AMD,Ryzen 9,Missing,16,DDR4,Windows,32,15.6,154990,1024,4.2
acer,Aspire,Intel,Core i5,11th,8,DDR4,Windows,64,14,55999,512,4
Lenovo,Legion,AMD,Ryzen 5,Missing,8,DDR4,Windows,64,15.6,69990,512,4.6
DELL,Inspiron,AMD,Ryzen 5,Missing,8,DDR4,Windows,64,15.6,44490,256,4.5
acer,Travelmate,Intel,Core i5,11th,8,DDR4,Windows,64,14,55490,1280,4.3
APPLE,2020,Apple,M1 Processor,Missing,8,DDR4,Mac,64,13.3,131990,512,4.2
MSI,Core,Intel,Core i3,11th,8,DDR4,Windows,64,14,48990,512,3.8
HP,Pavilion,Intel,Core i3,11th,8,DDR4,Windows,64,14,54990,512,4.6
HP,15-ec1105AX,AMD,Ryzen 5,Missing,8,DDR4,Windows,64,15.6,58990,512,4.5
DELL,Inspiron,Intel,Core i5,11th,16,DDR4,Windows,64,14,67990,512,4.5
DELL,Inspiron,Intel,Core i5,11th,8,DDR4,Windows,64,15.6,62490,1280,4.5
ASUS,Vivobook,Intel,Core i3,11th,8,DDR4,Windows,64,15.6,45990,256,4.4
ASUS,Vivobook,Intel,Core i5,11th,16,DDR4,Windows,64,14,59990,512,3.9
Lenovo,Ideapad,Intel,Core i3,10th,8,DDR4,Windows,64,15.6,39999,256,4.5
DELL,Vostro,AMD,Ryzen 5,Missing,8,DDR4,Windows,64,14,59490,512,4.5
HP,Pavilion,AMD,Ryzen 5,Missing,16,DDR4,Windows,64,15.6,67500,512,5
ASUS,TUF,Intel,Core i5,11th,16,DDR4,Windows,64,15.6,82990,512,4.6
ASUS,Vivobook,AMD,Ryzen 5,Missing,8,DDR4,Windows,32,15.6,54990,1280,4.4
Lenovo,Ideapad,Intel,Core i7,11th,16,DDR4,Windows,64,14,85990,512,4.4
DELL,Inspiron,Intel,Core i3,11th,8,DDR4,Windows,64,15.6,42990,256,4.4
Lenovo,Legion,Intel,Core i7,11th,16,DDR4,Windows,64,15.6,99990,512,4.4
ASUS,ASUS,Intel,Core i7,11th,16,DDR4,Windows,64,15.6,98990,1024,4.3
ASUS,ROG,AMD,Ryzen 7,Missing,8,DDR4,Windows,64,15.6,71990,512,4.4
ASUS,ASUS,Intel,Pentium Quad,Missing,8,LPDDR4X,Windows,64,13.3,62990,256,4.5
DELL,Vostro,Intel,Core i5,11th,8,DDR4,Windows,64,14,64190,512,4.5
HP,Ryzen,AMD,Ryzen 5,Missing,8,DDR4,Windows,32,15.6,48990,512,0
ASUS,Vivobook,AMD,Ryzen 5,Missing,8,DDR4,Windows,64,14,62450,512,0
DELL,Core,Intel,Core i5,11th,16,DDR4,Windows,64,14,70090,512,4.6
acer,Aspire,Intel,Core i5,11th,8,DDR4,Windows,64,15.6,49990,1024,4.4
lenovo,Yoga,Intel,Core i7,Missing,,,Missing,32,Missing,102990,0,4
ASUS,Ryzen,AMD,Ryzen 3,Missing,4,DDR4,Windows,64,15.6,33690,256,0
DELL,Vostro,Intel,Core i3,11th,4,DDR4,Windows,64,14,42990,1280,4.6
acer,Travelmate,Intel,Core i3,11th,8,DDR4,Windows,64,14,40990,1280,4.2
ASUS,Vivobook,Intel,Core i5,11th,16,DDR4,Windows,64,15.6,64990,1280,4.1
DELL,Inspiron,Intel,Core i3,11th,8,DDR4,Windows,64,14,49990,256,4.2
realme,Book(Slim),Intel,Core i5,11th,8,DDR4,Windows,64,14,60999,512,4.7
HP,15s,AMD,Ryzen 3,Missing,8,DDR4,Windows,64,15.6,39490,1024,4.2
ASUS,Core,Intel,Core i5,10th,8,DDR4,Windows,64,15.6,49990,512,4.4
Lenovo,Ideapad,Intel,Core i5,11th,8,DDR4,Windows,64,15.6,59990,1280,4.2
HP,Ryzen,AMD,Ryzen 3,Missing,8,DDR4,Windows,64,15.6,41490,512,4.1
APPLE,MacBook,Apple,M1 Processor,Missing,8,DDR4,Mac,64,13.3,149990,1024,4.3
APPLE,MacBook,Apple,M1 Processor,Missing,16,DDR4,Mac,64,13.3,169990,1024,4.2
DELL,Inspiron,AMD,Ryzen 5,Missing,8,DDR4,Windows,64,15.6,41990,256,4.8
acer,Predator,Intel,Core i9,11th,32,DDR4,Windows,64,15.6,169990,1024,4.8
ASUS,Vivobook,Intel,Core i5,11th,8,DDR4,Windows,64,15.6,60190,1280,4.4
MSI,Core,Intel,Core i3,10th,8,DDR4,Windows,64,14,40990,512,0
MSI,Core,Intel,Core i5,11th,8,DDR4,Windows,64,14,55490,512,4.4
DELL,Vostro,AMD,Ryzen 5,Missing,8,DDR4,Windows,64,14,44490,256,4.4
HP,Spectre,Intel,Core i5,11th,8,LPDDR4X,Windows,64,13.3,97990,512,3.9
ASUS,Vivobook,Intel,Core i3,11th,8,DDR4,Windows,64,14.1,41990,512,4.3
Lenovo,Ideapad,Intel,Core i3,11th,8,DDR4,Windows,64,14,54990,512,5
DELL,Vostro,Intel,Core i3,11th,8,DDR4,Windows,64,14,42190,1024,0
acer,Predator,Intel,Core i9,11th,16,DDR4,Windows,64,15.6,139990,1024,4.5
ASUS,ROG,AMD,Ryzen 9,Missing,16,DDR4,Windows,64,15.6,199990,1024,3.9
DELL,Vostro,Intel,Core i3,10th,8,DDR4,Windows,64,14,39490,1024,0
Lenovo,Ideapad,AMD,APU Dual,Missing,4,DDR4,Windows,64,Missing,19590,0,4.7
ASUS,APU,AMD,Quad,Missing,,,Missing,32,Missing,19990,0,4
APPLE,MacBook,Apple,M1 Processor,Missing,16,DDR4,Mac,64,13.3,128990,512,3.6
ASUS,Vivobook,Intel,Core i3,11th,8,DDR4,Windows,64,14,44990,512,4
HP,Core,Intel,Core i3,11th,8,DDR4,Windows,64,15.6,41250,512,4.7
HP,Pentium,Intel,Pentium Quad,Missing,8,DDR4,Windows,64,14,32990,256,4.4
APPLE,2021,Apple,M1 Processor,Missing,16,Unified,Mac,64,14.2,225990,1024,4.1
HP,Core,Intel,Core i3,11th,8,DDR4,Windows,64,14,44990,512,4.1
APPLE,2021,Apple,M1 Processor,Missing,16,Unified,Mac,64,14.2,184990,512,4.8
ASUS,Vivobook,Intel,Core i5,9th,8,DDR4,Windows,64,15.6,54990,512,0
APPLE,2021,Apple,M1 Processor,Missing,16,Unified,Mac,64,16.2,243990,1024,4.8
APPLE,2021,Apple,M1 Processor,Missing,16,Unified,Mac,64,16.2,225990,512,4.4
Lenovo,Thinkbook,Intel,Core i5,11th,8,DDR4,Windows,64,15,59990,512,4.8
DELL,Vostro,Intel,Core i3,11th,8,DDR4,Windows,64,14,41490,256,4.8
DELL,Inspiron,Intel,Core i3,11th,8,DDR4,Windows,64,14.96,41990,256,4.3
ASUS,Vivobook,Intel,Core i3,11th,8,DDR4,Windows,64,14,42990,512,4.3
ASUS,Vivobook,Intel,Core i5,9th,8,DDR4,Windows,64,15.6,54490,1280,4.2
APPLE,2021,Apple,M1 Max,Missing,32,Unified,Mac,64,16.2,309990,1024,4.7
Lenovo,Legion,Intel,Core i5,9th,8,DDR4,Windows,64,15.6,60990,1280,4.3
Lenovo,Ideapad,Intel,Core i5,11th,8,DDR4,Windows,64,15.6,53990,512,5
HP,Pavilion,Intel,Core i5,11th,16,DDR4,Windows,64,14,66999,512,4.3
Lenovo,Ideapad,AMD,Ryzen 5,Missing,8,DDR4,Windows,64,15.6,63990,1280,4.2
Infinix,X1,Intel,Core i7,10th,16,LPDDR4X,Windows,64,14,54990,512,4.4
DELL,Core,Intel,Core i3,11th,8,DDR4,Windows,64,14,60790,512,4.5
ASUS,ROG,AMD,Ryzen 7,Missing,8,DDR4,Windows,64,15.6,71990,512,4.3
DELL,Inspiron,Intel,Core i3,11th,8,DDR4,Windows,64,15.6,48990,1280,4.4
ASUS,ROG,AMD,Ryzen 9,Missing,16,DDR4,Windows,64,15.6,114990,1024,4.5
Lenovo,Lenovo,AMD,Ryzen 7,Missing,16,DDR4,Windows,64,15.6,99990,512,4.1
ASUS,Vivobook,AMD,Ryzen 5,Missing,8,DDR4,Windows,64,14,58990,512,4.6
ASUS,Chromebook,Intel,Celeron Dual,Missing,4,LPDDR4,Missing,32,Missing,24990,0,4.6
Lenovo,Thinkpad,AMD,Ryzen 5,Missing,8,DDR4,Missing,64,14,57490,512,4.4
acer,Intel,Intel,Core i5,11th,8,LPDDR4X,Windows,64,14,60990,512,4.2
DELL,Inspiron,Intel,Core i5,11th,4,DDR4,Windows,64,14.9,55790,1280,4.2
acer,Aspire,Intel,Core i5,11th,8,DDR4,Windows,64,14,46990,1024,4.4
ASUS,Ryzen,AMD,Ryzen 7,Missing,16,DDR4,Windows,64,14,79990,512,4.2
ASUS,Vivobook,Intel,Core i5,11th,16,DDR4,Windows,64,15.6,64990,1280,3.8
HP,Core,Intel,Core i3,11th,8,DDR4,Windows,64,15.6,45650,512,0
Lenovo,Ideapad,Intel,Core i3,11th,8,DDR4,Windows,64,14,41990,256,4.3
HP,15s,Intel,Core i3,11th,8,DDR4,Windows,64,15.6,43690,1024,4.1
ASUS,TUF,Intel,Core i5,11th,8,DDR4,Windows,64,17.3,77990,1024,4.4
ASUS,Chromebook,Intel,Celeron Dual,Missing,4,LPDDR4,Missing,32,Missing,21490,0,4.1
ASUS,Core,Intel,Core i5,11th,16,DDR4,Windows,64,17.3,58990,1280,4.4
ASUS,ROG,AMD,Ryzen 9,Missing,16,DDR4,Windows,64,15.6,129990,1024,3.9
ASUS,Core,Intel,Core i5,10th,8,DDR4,Windows,64,15.6,47990,512,4.8
APPLE,2020,Apple,M1 Processor,Missing,8,DDR4,Mac,64,13.3,85990,256,4.3
DELL,Ryzen,AMD,Ryzen 7,Missing,16,DDR4,Windows,64,15.6,93990,512,4.3
HP,Pavilion,AMD,Ryzen 5,Missing,8,DDR4,Windows,64,15.6,57999,512,4.7
HP,Core,Intel,Core i5,11th,8,DDR4,Windows,32,14,59999,512,0
ASUS,Vivobook,Intel,Core i7,10th,16,DDR4,Windows,64,15.6,66990,1280,4.5
ASUS,Vivobook,Intel,Core i7,11th,8,DDR4,Windows,64,14,77990,512,4
DELL,G15,Intel,Core i5,10th,16,DDR4,Windows,64,15.6,79990,512,4.2
ASUS,Vivobook,AMD,Ryzen 5,Missing,16,DDR4,Windows,64,15.6,56990,512,4.3
Lenovo,Ideapad,Intel,Core i7,11th,8,DDR4,Windows,64,15.6,79990,512,0
DELL,Vostro,Intel,Core i3,10th,8,DDR4,Windows,64,14,41990,512,4.8
HP,Pavilion,AMD,Ryzen 5,Missing,8,DDR4,Windows,64,15.6,72990,512,4
ASUS,TUF,Intel,Core i5,10th,8,DDR4,Windows,64,15.6,63990,512,3.9
HP,Pavilion,Intel,Core i5,11th,8,DDR4,Windows,64,15.6,63990,512,4.7
Infinix,INBook,Intel,Core i3,10th,8,LPDDR4X,Windows,64,14,32990,256,0
ASUS,Chromebook,Intel,Celeron Dual,Missing,4,LPDDR4,Missing,32,Missing,23990,0,4.7
ASUS,ROG,Intel,Core i5,10th,8,DDR4,Windows,64,15.6,77990,1024,4.3
HP,Pavilion,AMD,Ryzen 5,Missing,16,DDR4,Windows,64,13.3,65990,512,4.1
ASUS,Vivobook,Intel,Core i5,11th,16,DDR4,Windows,64,14,59990,512,4.5
DELL,Inspiron,Intel,Core i3,10th,8,DDR4,Windows,64,15.6,45490,512,4.4
Lenovo,Ideapad,Intel,Core i5,11th,8,DDR4,Windows,64,14,55990,512,0
ASUS,Vivobook,Intel,Core i5,11th,16,DDR4,Windows,64,14,59990,512,4.2
ASUS,Vivobook,Intel,Core i3,11th,8,DDR4,Windows,64,14.1,44990,512,0
HP,Pavilion,Intel,Core i5,11th,8,DDR4,Windows,64,15.6,63990,512,0
ASUS,ASUS,AMD,Ryzen 7,Missing,16,DDR4,Windows,64,17.3,82990,512,0
ASUS,ROG,AMD,Ryzen 9,Missing,16,LPDDR4X,Windows,64,13.4,114990,1024,4.7
ASUS,Vivobook,Intel,Core i3,10th,4,DDR4,Windows,64,15.6,35990,1024,4.6
HP,Envy,AMD,Ryzen 5,Missing,16,DDR4,Windows,64,13.3,98020,512,4.3
DELL,Vostro,Intel,Core i5,11th,16,DDR4,Windows,64,14,69490,512,3.8
ASUS,Vivobook,Intel,Core i3,11th,8,DDR4,Windows,64,15.6,38490,256,0
ASUS,EeeBook,Intel,Celeron Dual,Missing,4,DDR4,Windows,64,Missing,22990,0,0
APPLE,MacBook,Intel,Core i5,10th,16,LPDDR4X,Mac,64,13,179990,1024,3.8
HP,Chromebook,MediaTek,MediaTek Kompanio,Missing,4,DDR4,Missing,32,Missing,22990,0,4.5
DELL,Inspiron,Intel,Core i5,11th,16,DDR4,Windows,64,14,89390,512,0
ASUS,Zenbook,Intel,Core i5,11th,8,LPDDR4X,Windows,64,13.3,74990,512,4.7
DELL,Vostro,Intel,Core i5,11th,8,DDR4,Windows,64,14,54990,1280,3.8
acer,Nitro,AMD,Ryzen 5,Missing,,,Missing,32,Missing,93700,0,0
DELL,3000,Intel,Core i3,11th,8,DDR4,Windows,32,15.6,43800,1024,0
HP,Pavilion,Intel,Core i7,11th,16,DDR4,Windows,64,15.6,93190,512,3.8
Lenovo,Core,Intel,Core i3,11th,4,DDR4,Windows,64,15,38990,256,4.5
APPLE,2021,Apple,M1 Processor,Missing,16,Unified,Mac,64,14.2,225990,1024,4.2
acer,Aspire,AMD,Ryzen 3,Missing,4,DDR4,Windows,64,15.6,34990,512,5
Lenovo,Thinkbook,Intel,Core i5,11th,8,DDR4,Windows,64,14,64990,512,4.4
Lenovo,Legion,Intel,Core i5,10th,8,DDR4,Windows,64,15.6,66490,512,4.8
DELL,Inspiron,AMD,Ryzen 3,Missing,8,DDR4,Windows,64,15.6,40590,256,0
HP,Pavilion,Intel,Core i5,11th,8,DDR4,Windows,64,15.6,71990,1280,4
HP,HP,AMD,Ryzen 7,Missing,16,DDR4,Windows,64,13.3,92990,1024,4.4
DELL,Vostro,Intel,Core i5,11th,8,DDR4,Windows,64,14,48990,1024,0
DELL,Inspiron,Intel,Core i5,11th,16,DDR4,Windows,64,15.6,89702,512,4.3
Lenovo,Thinkpad,Intel,Core i3,11th,4,DDR4,Windows,64,15.6,44990,256,0
ASUS,Zenbook,Intel,Core i7,11th,16,LPDDR4X,Windows,64,13.3,94990,512,3.6
Lenovo,Thinkbook,Intel,Core i7,11th,16,DDR4,Windows,64,14,84990,512,0
HP,Pavilion,AMD,Ryzen 5,Missing,16,DDR4,Windows,64,14,63990,512,4.1
Lenovo,Ideapad,Intel,Core i5,11th,16,DDR4,Windows,64,15.6,70990,512,0
Lenovo,Ideapad,Intel,Core i3,10th,4,DDR4,Windows,64,14,36490,256,4.5
ASUS,Pentium,Intel,Pentium Quad,Missing,4,DDR4,Windows,64,15.6,25990,1024,4.2
HP,x360,Intel,Core i5,11th,8,DDR4,Missing,64,14,65390,256,4.2
ASUS,Pentium,Intel,Pentium Quad,Missing,4,DDR4,Windows,64,15.6,25990,1024,0
Infinix,INBook,Intel,Core i5,10th,8,LPDDR4X,Windows,64,14,42490,512,3.7
HP,Envy,Intel,Core i7,10th,16,DDR4,Windows,64,15.6,144690,1024,0
Lenovo,Core,Intel,Core i3,10th,8,DDR4,Windows,32,15.6,38990,1024,3.8
DELL,3511,Intel,Core i5,11th,8,DDR4,Windows,64,15.6,69900,1280,4.1
Lenovo,Ideapad,Intel,Core i3,11th,8,DDR4,Windows,64,15.6,42990,512,4.2
Lenovo,Ideapad,Intel,Core i5,11th,8,DDR4,Windows,64,15.6,65990,1280,0
ASUS,Vivobook,Intel,Core i3,10th,4,DDR4,Windows,64,15.6,34990,1024,0
ASUS,Ryzen,AMD,Ryzen 5,Missing,8,DDR4,Windows,32,15.6,49890,512,4.4
MSI,GE76,Intel,Core i7,Missing,,,Missing,32,Missing,291190,0,4.2
ASUS,Vivobook,Intel,Core i5,11th,16,DDR4,Windows,64,17.3,58990,512,3.7
Lenovo,Core,Intel,Core i3,10th,8,DDR4,Windows,32,15.6,38970,256,4.7
Lenovo,Ideapad,Intel,Core i5,10th,8,DDR4,Windows,64,15.6,57500,512,4.6
ASUS,Vivobook,Intel,Core i3,11th,8,DDR4,Windows,64,15.6,38900,1024,0
DELL,Inspiron,AMD,Ryzen 5,Missing,8,DDR4,Windows,64,15.6,49990,512,0
ASUS,Zenbook,Intel,Core i7,11th,16,LPDDR4X,Windows,64,13.3,99990,1024,0
DELL,Inspiron,Intel,Core i5,11th,8,DDR4,Windows,64,14,79990,512,3.9
DELL,Vostro,AMD,Ryzen 5,Missing,8,DDR4,Windows,64,14,59490,512,4.4
ASUS,ASUS,Intel,Pentium Quad,Missing,4,DDR4,Windows,64,15.6,30780,1024,0
HP,Pavilion,AMD,Ryzen 7,Missing,16,DDR4,Windows,64,13.3,84190,1024,4.6
MSI,Modern,Intel,Core i5,10th,8,DDR4,Windows,64,14,56541,512,0
ASUS,Core,Intel,Core i5,11th,16,DDR4,Windows,64,17.3,59990,512,0
DELL,Inspiron,AMD,Ryzen 3,Missing,8,DDR4,Windows,64,15.6,37390,1024,0
APPLE,MacBook,Intel,Core i5,10th,16,LPDDR4X,Mac,64,13,179990,1024,4.4
MSI,Core,Intel,Core i7,10th,8,DDR4,Windows,64,14,57990,512,3.3
Lenovo,Thinkbook,Intel,Core i5,11th,16,DDR4,Windows,64,13,64990,512,4.2
ASUS,Zenbook,AMD,Ryzen 7,Missing,16,LPDDR4X,Windows,64,14,112990,1024,4.8
HP,Envy,AMD,Ryzen 5,Missing,8,DDR4,Windows,64,13.3,73999,512,4.4
DELL,Core,Intel,Core i5,11th,8,DDR4,Windows,64,14,61290,512,4.4
ASUS,Chromebook,Intel,Celeron Dual,Missing,4,LPDDR4,Missing,32,Missing,20490,0,0
HP,Envy,Intel,Core i7,11th,16,DDR4,Windows,64,13.3,102990,512,4.6
Lenovo,Core,Intel,Core i5,11th,8,DDR4,Windows,64,14,54990,512,3
DELL,Inspiron,Intel,Core i3,10th,8,DDR4,Windows,64,15.6,39990,1024,3.9
Lenovo,Thinkbook,Intel,Core i5,11th,8,DDR4,Windows,64,13,59990,512,4.7
MSI,Delta,AMD,Ryzen 9,Missing,16,DDR4,Windows,64,15.6,146990,1024,4.2
ASUS,ASUS,Intel,Core i5,11th,16,DDR4,Windows,32,15.6,84990,512,4.9
ASUS,Vivobook,Intel,Core i5,11th,8,DDR4,Windows,64,14,49990,1280,3.8
HP,15s,Intel,Core i3,11th,8,DDR4,Windows,64,15.6,45490,512,4.4
Lenovo,Ideapad,Intel,Celeron Dual,Missing,4,DDR4,Windows,64,14,31799,256,0
HP,Pavilion,Intel,Core i5,11th,16,DDR4,Windows,64,14,72500,512,5
Lenovo,Ideapad,Intel,Core i5,11th,8,DDR4,Windows,64,15.6,59990,512,3.9
Lenovo,A6-9225,AMD,A6-9225 Processor,Missing,4,DDR4,Windows,64,15.6,24990,1024,4.3
DELL,Inspiron,AMD,Ryzen 5,Missing,8,DDR4,Windows,64,15.6,60990,512,0
HP,Core,Intel,Core i3,11th,8,DDR4,Windows,64,15.6,44900,256,4.4
DELL,Core,Intel,Core i7,11th,16,DDR4,Windows,64,15.6,99990,512,3.9
ASUS,Vivobook,AMD,Ryzen 3,Missing,8,DDR4,Windows,64,14.1,37990,256,3.7
ASUS,Vivobook,Intel,Pentium Quad,Missing,8,DDR4,Windows,64,14.1,33990,256,4.4
DELL,G5,AMD,Ryzen 5,Missing,8,DDR4,Windows,64,14.96,76190,512,4.2
Lenovo,Yoga,Intel,Core i5,11th,16,DDR4,Windows,64,14,87990,512,0
DELL,Inspiron,Intel,Core i3,10th,8,DDR4,Windows,32,14.96,40890,1024,4.2
DELL,Vostro,Intel,Core i3,11th,4,DDR4,Windows,64,14,43590,1280,4.3
MSI,Pulse,Intel,Core i7,Missing,,,Missing,32,Missing,109590,0,4.4
ASUS,ROG,AMD,Ryzen 7,Missing,16,DDR5,Windows,64,15.6,106990,512,4.7
HP,14s,Intel,Core i5,11th,8,DDR4,Windows,64,14,57990,512,4
ASUS,ASUS,Intel,Core i7,11th,16,DDR4,Windows,64,17.3,94990,512,0
DELL,Inspiron,Intel,Core i5,11th,16,DDR4,Windows,64,15.3,69490,512,4.6
Lenovo,Thinkbook,Intel,Core i5,11th,16,DDR4,Windows,64,14,68990,512,0
Lenovo,Core,Intel,Core i5,11th,16,DDR4,Windows,32,15.6,77990,512,4.3
MSI,Stealth,Intel,Core i7,11th,16,DDR4,Windows,64,15.6,119990,1024,4.5
HP,Core,Intel,Core i3,10th,8,DDR4,Windows,32,14.1,38799,512,4.2
ASUS,Zephyrus,Intel,Core i7,11th,16,DDR4,Windows,32,16,194990,1024,4.6
HP,Envy,Intel,Core i7,11th,16,DDR4,Windows,64,13.3,104000,512,4.3
MSI,Core,Intel,Core i7,11th,8,DDR4,Windows,64,14,76990,512,4.5
MSI,Modern,AMD,Ryzen 5,Missing,8,DDR4,Windows,64,14,49990,256,4.3
MSI,Core,Intel,Core i3,10th,8,DDR4,Windows,64,14,38990,256,4.4
DELL,Vostro,Intel,Core i5,11th,8,DDR4,Windows,64,14,58990,1280,0
Lenovo,Yoga,AMD,Ryzen 5,Missing,16,LPDDR4X,Windows,64,13.3,74798,512,0
ASUS,ROG,AMD,Ryzen 7,Missing,16,DDR5,Windows,32,15.6,114990,1024,4.6
MSI,Creator,Intel,Core i9,11th,16,DDR4,Windows,64,16,192990,1024,0
SAMSUNG,Galaxy,Qualcomm,Snapdragon 7c,Missing,4,LPDDR4X,Windows,32,Missing,38990,0,0
ASUS,Zenbook,Intel,Core i5,11th,16,LPDDR4X,Windows,64,14,105990,512,4.5
MSI,Prestige,Intel,Core i5,11th,16,LPDDR4X,Windows,64,14,79990,512,4
Lenovo,Core,Intel,Core i3,10th,8,DDR4,Windows,64,15.6,36990,1024,0
ASUS,Vivobook,AMD,Ryzen 5,Missing,8,DDR4,Windows,64,14,58990,512,0
DELL,Vostro,Intel,Core i5,11th,8,DDR4,Windows,64,14,55490,512,0
ASUS,Vivobook,AMD,Ryzen 7,Missing,16,DDR4,Windows,64,14,92990,512,0
Lenovo,Ideapad,Intel,Core i5,11th,16,DDR4,Windows,64,14,69990,512,4.4
HP,Ryzen,AMD,Ryzen 5,Missing,8,DDR4,Windows,32,16.1,68100,512,0
ASUS,Zenbook,Intel,Core i5,11th,8,DDR4,Windows,64,13.3,84990,512,3.7
DELL,Inspiron,Intel,Core i5,11th,8,DDR4,Windows,64,15.6,59990,512,4.3
HP,15s,Intel,Core i3,11th,8,DDR4,Windows,64,15.6,39990,1024,4.1
DELL,Inspiron,AMD,Ryzen 5,Missing,8,DDR4,Windows,64,15.6,44390,256,4.7
ASUS,Zenbook,Intel,Core i7,10th,16,LPDDR3,Windows,64,14,124990,1024,4.6
Lenovo,Yoga,AMD,Ryzen 5,Missing,16,DDR4,Windows,64,13.3,77990,512,0
DELL,XPS,Intel,Core i5,10th,8,LPDDR4X,Windows,64,13.3,111890,512,4.2
DELL,Inspiron,Intel,Core i7,11th,16,DDR4,Windows,64,15.6,122410,1024,3.8
DELL,Inspiron,Intel,Core i5,11th,8,DDR4,Windows,64,15.6,65990,512,3.9
ASUS,Zenbook,Intel,Core i5,11th,8,LPDDR4X,Windows,32,14,72990,512,4
HP,Pavilion,Intel,Core i3,11th,8,DDR4,Windows,64,14,69267,512,4.6
DELL,Inspiron,Intel,Core i3,10th,8,DDR4,Windows,64,15.6,44690,1280,0
DELL,Inspiron,Intel,Core i5,11th,16,DDR4,Windows,64,14,71090,512,0
HP,Spectre,Intel,Core i7,10th,16,DDR4,Windows,64,13.3,179990,1024,0
Lenovo,Ideapad,Intel,Ryzen 7,Missing,16,DDR4,Windows,32,16,81490,512,4.3
MSI,Katana,Intel,Core i5,11th,8,DDR4,Windows,64,15.6,74990,512,4.7
HP,15s,AMD,Ryzen 3,Missing,8,DDR4,Windows,64,15.6,44490,512,0
DELL,Vostro,Intel,Core i3,11th,8,DDR4,Windows,64,14,44427,256,4.3
acer,Swift,AMD,Ryzen 7,Missing,16,DDR4,Windows,64,14,99990,1024,4.1
MSI,Summit,Intel,Core i7,11th,16,DDR4,Windows,64,15.6,154990,1024,4.2
DELL,Ryzen,AMD,Ryzen 5,Missing,8,DDR4,Windows,32,15.6,57900,1024,0
ASUS,Zenbook,Intel,Core i5,10th,8,LPDDR3,Windows,64,13.3,79990,512,0
ASUS,TUF,AMD,Ryzen 7,Missing,8,DDR4,Windows,32,15.6,95990,1024,4.3
Lenovo,Ideapad,Intel,Core i5,10th,8,DDR4,Windows,64,15.6,74590,1280,0
MSI,Modern,Intel,Core i5,11th,8,DDR4,Windows,64,14,55490,512,0
ASUS,Vivobook,Intel,Core i3,10th,8,DDR4,Windows,64,14,35990,256,4
acer,Aspire,Intel,Core i5,8th,8,DDR4,Windows,64,15.6,59999,1024,4.7
Lenovo,Yoga,Intel,Core i7,11th,16,LPDDR4X,Windows,64,13.3,122990,1024,4.4
DELL,Vostro,Intel,Core i5,11th,8,DDR4,Windows,64,14,66490,512,4.7
ASUS,Vivobook,Intel,Core i5,11th,8,DDR4,Windows,64,15.6,53400,512,4.4
HP,Pavilion,AMD,Ryzen 5,Missing,8,DDR4,Windows,64,14,55090,512,4.3
acer,Predator,Intel,Core i7,10th,16,DDR4,Windows,64,15.6,159990,2048,0
ASUS,Zenbook,AMD,Ryzen 5,Missing,16,LPDDR4X,Windows,64,14,91990,512,4.1
HP,Pavilion,Intel,Core i7,11th,16,DDR4,Windows,64,15.6,90190,512,3
ASUS,Vivobook,Intel,Core i3,11th,8,DDR4,Windows,64,15.6,51649,512,4.1
ASUS,Vivobook,AMD,Ryzen 7,Missing,16,DDR4,Windows,64,15.6,56990,512,4.1
MSI,GS66,Intel,Core i7,Missing,,,Missing,32,Missing,207290,0,4.4
DELL,Inspiron,Intel,Core i5,11th,8,DDR4,Windows,64,14,74500,512,3.8
DELL,XPS,Intel,Core i5,11th,16,LPDDR4X,Windows,64,13.3,114990,512,0
HP,Core,Intel,Core i3,11th,8,DDR4,Windows,64,15.6,41990,1024,4.3
DELL,Vostro,Intel,Core i5,11th,8,DDR4,Windows,64,14,61990,512,0
ASUS,ROG,Intel,Core i5,10th,8,DDR4,Windows,64,15.6,82990,1024,0
acer,Aspire,AMD,Dual Core,Missing,4,DDR4,Windows,64,14,29990,256,0
APPLE,MacBook,Intel,Core i5,10th,16,LPDDR4X,Mac,64,13,159990,512,4.4
ASUS,Vivobook,Intel,Core i5,10th,8,DDR4,Windows,64,15.6,46990,1024,0
APPLE,MacBook,Intel,Core i5,8th,8,DDR3,Mac,64,13.3,172090,512,4
HP,Pavilion,AMD,Ryzen 5,Missing,16,DDR4,Windows,64,13.3,84208,512,4.1
Lenovo,Core,Intel,Core i7,11th,16,DDR4,Windows,32,14,88488,512,4.5
MSI,Modern,AMD,Ryzen 7,Missing,8,DDR4,Windows,64,15.6,64990,512,0
MSI,Prestige,Intel,Core i7,10th,16,DDR4,Windows,64,15.6,109990,512,4.4
MSI,Sword,Intel,Core i5,11th,8,DDR4,Windows,64,15.6,74990,512,4
Lenovo,Ideapad,AMD,Ryzen 7,Missing,8,DDR4,Windows,64,14,60990,512,4.2
ASUS,Core,Intel,Core i7,10th,32,DDR4,Windows,64,15.6,224990,1024,0
DELL,XPS,Intel,Core i5,Missing,,,Missing,32,Missing,139990,0,0
HP,OMEN,AMD,Ryzen 7,Missing,16,DDR4,Windows,64,15.6,159990,1024,4.5
MSI,Modern,Intel,Core i5,10th,8,DDR4,Windows,64,14,56490,512,0
ASUS,Core,Intel,Core i5,10th,8,DDR4,Windows,32,15.6,58990,1280,4.3
DELL,Inspiron,AMD,Ryzen 3,Missing,8,DDR4,Windows,64,15.6,52632,1024,0
ASUS,Vivobook,AMD,Ryzen 9,Missing,16,DDR4,Windows,64,14,104990,1024,4.4
ASUS,ROG,AMD,Ryzen 7,Missing,8,DDR4,Windows,64,14,76990,1024,4.7
ASUS,EeeBook,Intel,Pentium Silver,Missing,8,DDR4,Windows,64,14,31990,256,0
MSI,Sword,Intel,Core i7,11th,8,DDR4,Windows,64,15.6,86990,512,4.8
Lenovo,Thinkpad,Intel,Core i5,10th,16,DDR4,Windows,64,13.3,147000,512,4.5
ASUS,TUF,Intel,Core i5,11th,16,DDR4,Windows,64,15.6,87990,1024,5
HP,Core,Intel,Core i3,11th,8,DDR4,Windows,64,15.6,47990,512,0
acer,Swift,Intel,Core i5,7th,8,DDR3,Windows,64,13.3,86867,256,4.5
DELL,Inspiron,AMD,Ryzen 3,Missing,8,DDR4,Windows,64,15.6,39990,1024,0
Lenovo,Ideapad,Intel,Core i3,10th,4,DDR4,Windows,64,15.6,40200,256,3.8
Lenovo,Ideapad,Intel,Core i5,11th,8,DDR4,Windows,64,14,55990,512,0
HP,Pavilion,Intel,Core i5,11th,8,DDR4,Windows,64,15.6,77990,512,0
MSI,Prestige,Intel,Core i7,11th,16,LPDDR4X,Windows,64,14,89990,512,0
MSI,Stealth,Intel,Core i7,12th,32,DDR5,Windows,64,15.6,279990,1024,4.3
HP,Envy,Intel,Core i5,10th,16,DDR4,Windows,64,15.6,106490,512,4.4
Lenovo,Ideapad,Intel,Core i5,11th,16,DDR4,Windows,32,14,70990,512,4.1
ASUS,ROG,Intel,Core i9,12th,32,DDR5,Windows,64,15.6,299990,1024,3.9
ASUS,ROG,AMD,Ryzen 9,Missing,16,LPDDR4X,Windows,64,13.4,114990,1024,4.2
HP,15,Intel,Core i7,8th,8,DDR4,Windows,64,15.6,116941,1152,0
MICROSOFT,Surface,Intel,Core i5,10th,8,LPDDR4X,Windows,64,13,100190,128,0
ASUS,Vivobook,Intel,Celeron Dual,Missing,4,DDR4,Windows,64,Missing,26990,0,0
Lenovo,Thinkpad,Intel,Core i5,10th,16,DDR4,Windows,64,14,155411,1024,4.7
HP,Spectre,Intel,Core i7,10th,16,LPDDR3,Windows,64,13.3,239759,512,4.6
Lenovo,Thinkpad,Intel,Core i5,11th,8,DDR4,Windows,64,15.6,64990,512,0
acer,Nitro,AMD,Ryzen 5,Missing,,,Missing,32,Missing,72990,0,4.7
Lenovo,Core,Intel,Core i3,10th,8,DDR4,Windows,32,14,40990,256,0
DELL,Inspiron,Intel,Core i3,10th,8,DDR4,Windows,64,14.96,42490,256,4.4
HP,Pavilion,AMD,Ryzen 5,Missing,8,DDR4,Windows,64,15.6,80000,1280,0
ASUS,Vivobook,Intel,Celeron Dual,Missing,4,DDR4,Windows,64,15.6,29890,256,0
acer,Aspire,AMD,Ryzen 5,Missing,8,DDR4,Windows,64,15.6,44990,512,0
acer,Aspire,Intel,Core i5,11th,8,DDR4,Windows,64,15.6,57990,512,4.4
HP,15s,AMD,Ryzen 5,Missing,8,DDR4,Windows,64,15.6,53490,512,4.5
LG,Gram,Intel,Core i5,10th,8,DDR4,Windows,64,15.6,76990,256,3.7
DELL,Core,Intel,Core i3,11th,8,DDR4,Windows,32,15.6,43970,1024,0
HP,OMEN,Intel,Core i7,11th,16,DDR4,Windows,64,16.1,121990,1024,4.6
acer,Extensa,Intel,Pentium Quad,Missing,4,DDR4,Windows,64,15.6,30990,256,4
HP,OMEN,Intel,Core i7,11th,16,DDR4,Windows,64,16.1,116990,1024,4.4
APPLE,MacBook,Apple,M1 Processor,Missing,16,DDR4,Mac,64,13.3,124990,512,0
ASUS,ExpertBook,Intel,Core i3,10th,8,DDR4,Windows,64,15.6,40990,1280,4.4
Lenovo,Legion,Intel,Core i7,11th,16,DDR4,Windows,64,16,151098,1024,4.5
ASUS,Vivobook,Intel,Core i7,11th,8,DDR4,Windows,64,15.6,78990,512,3.9
DELL,G15,NVIDIA,GeForce RTX,Missing,,,Missing,32,Missing,95990,0,0
DELL,XPS,Intel,Core i7,8th,16,DDR3,Windows,64,13.3,121890,512,4.2
realme,Book,Intel,Core i3,11th,8,DDR4,Windows,64,14,47999,256,0
ASUS,ExpertBook,Intel,Core i3,11th,4,DDR4,Missing,64,15.6,35990,256,4.7
ASUS,TUF,Intel,Core i5,10th,8,DDR4,Windows,64,15.6,64990,512,0
ASUS,Zenbook,Intel,Core i7,8th,8,LPDDR3,Windows,64,14,85990,512,4.4
DELL,Vostro,Intel,Core i3,11th,4,DDR4,Windows,64,14,43990,1280,4.5
MSI,Modern,Intel,Core i5,10th,8,DDR4,Windows,64,14,54990,512,4.3
HP,OMEN,Intel,Core i5,Missing,,,Missing,32,Missing,102551,0,1.7
DELL,Core,Intel,Core i3,11th,8,DDR4,Windows,64,14,71999,256,4.4
ASUS,ROG,AMD,Ryzen 9,Missing,16,LPDDR4X,Windows,64,13.4,124990,1024,0
Lenovo,Ryzen,AMD,Ryzen 7,Missing,16,DDR4,Windows,64,15.6,84988,512,4.5
Lenovo,Legion,AMD,Ryzen 5,Missing,8,DDR4,Windows,64,15.6,76498,512,4.4
MSI,Katana,Intel,Core i7,11th,16,DDR4,Windows,64,15.6,94990,512,0
HP,Pavilion,AMD,Ryzen 7,Missing,16,DDR4,Windows,64,15.6,90990,512,4.4
Vaio,SE,Intel,Core i5,8th,8,DDR4,Windows,64,14,62890,512,0
MICROSOFT,Surface,AMD,Ryzen 5,Missing,8,DDR4,Windows,64,15,99990,128,4.3
ASUS,Vivobook,AMD,Ryzen 3,Missing,4,DDR4,Windows,64,15.6,34500,256,5
DELL,Ryzen,AMD,Ryzen 5,Missing,8,DDR4,Windows,64,14.96,98920,512,0
Lenovo,Legion,AMD,Ryzen 7,Missing,16,DDR4,Windows,64,15.6,130990,1024,0
LG,Gram,Intel,Core i5,11th,8,DDR4,Windows,64,14,76990,256,0
ASUS,Vivobook,AMD,Ryzen 7,Missing,16,DDR4,Windows,64,15.6,99990,1024,4.6
HP,Spectre,Intel,Core i5,11th,16,LPDDR4X,Windows,64,13.5,111999,512,4
MSI,GP76,Intel,Core i7,Missing,,,Missing,32,Missing,179990,0,3.8
ASUS,Vivobook,Intel,Core i3,11th,8,DDR4,Windows,64,15.6,39990,256,4.3
MSI,Pulse,Intel,Core i7,11th,16,DDR4,Windows,64,15.6,129990,1024,0
ASUS,Zenbook,AMD,Ryzen 9,Missing,16,LPDDR4X,Windows,64,14,134990,1024,0
Lenovo,Yoga,Intel,Core i5,10th,8,LPDDR4X,Windows,64,14,70798,512,0
DELL,Vostro,AMD,Ryzen 3,Missing,8,DDR4,Windows,64,14,40590,512,0
Lenovo,Legion,Intel,Core i5,9th,8,DDR4,Windows,64,15.6,59990,512,0
MSI,Modern,AMD,Ryzen 5,Missing,8,DDR4,Windows,64,15.6,54990,512,4.4
ASUS,Vivobook,Intel,Core i3,10th,4,DDR4,Windows,64,14,40990,512,4.4
ASUS,Core,Intel,Core i9,10th,32,DDR4,Windows,64,15.6,269990,1024,4.2
acer,ConceptD,Intel,Core i5,8th,8,DDR4,Windows,64,15.6,99500,512,0
ASUS,Vivobook,Intel,Core i5,11th,8,DDR4,Windows,64,14,48990,256,4
HP,Spectre,Intel,Core i7,11th,16,LPDDR4X,Windows,64,13.5,149999,1024,0
HP,14s,Intel,Core i5,10th,8,DDR4,Windows,64,14,55990,512,3.8
ASUS,ROG,AMD,Ryzen 7,Missing,16,DDR5,Windows,64,15.6,112990,1024,4.4
Vaio,E,AMD,Ryzen 7,Missing,8,DDR4,Windows,64,15.6,56990,512,4.4
ASUS,Vivobook,Intel,Core i5,11th,8,DDR4,Windows,64,15.6,64990,1280,4.8
Lenovo,Ideapad,Intel,Core i3,10th,8,DDR4,Windows,64,15.6,41998,256,0
Lenovo,Ideapad,AMD,Ryzen 7,Missing,16,DDR4,Windows,64,14,77988,1024,0
MSI,Core,Intel,Core i7,12th,16,DDR4,Windows,64,15.6,139990,1024,0
ASUS,Zenbook,Intel,Core i5,8th,8,LPDDR3,Windows,64,13.3,72990,512,4.2
HP,OMEN,AMD,Ryzen 9,Missing,16,DDR4,Windows,64,16.1,141990,1024,0
ASUS,ASUS,Intel,Pentium Quad,Missing,4,LPDDR4X,Windows,64,Missing,45990,0,3.8
ASUS,EeeBook,Intel,Celeron Dual,Missing,4,DDR4,Windows,32,Missing,21990,0,0
HP,Notebook,Intel,Core i3,11th,8,DDR4,Windows,64,14,39790,1024,4.4
ASUS,ROG,AMD,Ryzen 7,Missing,8,DDR4,Windows,64,14,76000,1024,0
acer,Predator,Intel,Core i7,11th,16,DDR4,Windows,64,15.6,129990,1024,4.5
acer,Swift,Intel,Core i5,8th,8,DDR3,Windows,64,14,64990,512,4.2
ASUS,Core,Intel,Core i5,11th,8,DDR4,Windows,64,15.6,57990,512,0
HP,OMEN,Intel,Core i7,11th,16,DDR4,Windows,64,16.1,171990,1024,0
ASUS,Core,Intel,Core i3,10th,8,DDR4,Windows,64,15.6,42990,512,4.1
Smartron,t.book,Intel,Core i5,7th,4,DDR3,Windows,64,12.2,52990,128,3.5
ASUS,Vivobook,AMD,Ryzen 7,Missing,8,DDR4,Windows,64,14,63990,512,3.9
acer,Aspire,AMD,Ryzen 5,Missing,8,DDR4,Windows,64,15.6,49990,512,5
Lenovo,Ideapad,AMD,Ryzen 7,Missing,8,DDR4,Windows,64,14,63990,512,4.5
HP,Ryzen,AMD,Ryzen 7,Missing,8,DDR4,Windows,64,14,57999,512,3.8
MSI,GP65,Intel,Core i7,Missing,,,Missing,32,Missing,145990,0,0
HP,HP,Intel,Core i5,11th,16,DDR4,Windows,64,13.3,76990,512,0
DELL,Ryzen,AMD,Ryzen 5,Missing,8,DDR4,Windows,32,15.6,51990,1280,4.4
ASUS,ROG,AMD,Ryzen 9,Missing,16,DDR4,Windows,64,15.6,129990,1024,3.5
DELL,Inspiron,Intel,Core i5,11th,8,DDR4,Windows,64,15.6,66490,1280,4.2
DELL,Inspiron,Intel,Pentium Quad,Missing,4,DDR4,Windows,64,15.6,36000,256,4.4
ASUS,ROG,AMD,Ryzen 7,Missing,16,LPDDR4X,Windows,64,13.4,99990,1024,4.4
Lenovo,Ideapad,Intel,Core i5,11th,8,DDR4,Windows,64,15.6,62998,512,4.1
ASUS,Core,Intel,Core i3,11th,8,DDR4,Windows,32,15.6,41990,256,4.5
DELL,Inspiron,Intel,Core i5,11th,16,DDR4,Windows,64,14,77990,512,4.4
ASUS,ROG,Intel,Core i7,Missing,,,Missing,32,Missing,106167,0,0
MICROSOFT,Surface,Intel,Core i5,8th,8,DDR3,Windows,64,13.5,91999,128,0
ASUS,Ryzen,AMD,Ryzen 7,Missing,8,DDR4,Windows,32,14,72400,512,3.8
Lenovo,Ideapad,Intel,Core i3,10th,4,DDR4,Windows,64,15.6,39999,256,4.3
HP,Spectre,Intel,Core i5,10th,8,DDR4,Windows,64,13.3,114990,512,4.4
HP,Ryzen,AMD,Ryzen 5,Missing,8,DDR4,Windows,32,15.6,52380,512,4.3
ASUS,ROG,AMD,Ryzen 9,Missing,32,LPDDR4X,Windows,64,13.4,142990,1024,0
ASUS,Zephyrus,AMD,Ryzen 9,Missing,16,DDR4,Windows,64,14,121990,1024,4.5
DELL,DELL,Intel,Core i5,10th,8,DDR4,Windows,64,15.6,65990,512,4.5
DELL,Inspiron,Intel,Core i5,11th,16,DDR4,Windows,64,14,88990,512,4.5
DELL,Inspiron,Intel,Core i7,11th,16,DDR4,Windows,64,15.6,93955,1024,0
Lenovo,Yoga,AMD,Ryzen 7,Missing,16,DDR4,Windows,64,13.3,78990,512,0
LG,Gram,Intel,Core i5,10th,8,DDR4,Windows,64,14,62990,256,4.4
ASUS,ROG,Intel,Core i7,10th,32,DDR4,Windows,64,15.6,234990,1024,0
DELL,Vostro,Intel,Core i3,11th,4,DDR4,Windows,64,14,43590,1280,4
ASUS,Commercial,Intel,Core i3,10th,4,DDR4,Windows,32,14,39990,256,0
HP,Spectre,Intel,Core i7,11th,16,LPDDR4X,Windows,64,13.3,128500,1024,0
Lenovo,X390,Intel,Core i5,10th,8,DDR4,Windows,64,13.3,113590,512,3.8
DELL,Vostro,Intel,Core i3,10th,4,DDR4,Windows,64,14,41390,1280,4.8
ASUS,Core,Intel,Core i3,10th,8,DDR4,Windows,32,14,35590,1024,4.7
RedmiBook,Notebook,Intel,Core i5,10th,8,DDR4,Windows,64,14,54990,512,4.6
ASUS,Core,Intel,Core i7,11th,8,DDR4,Windows,32,15.6,82500,1280,0
DELL,Inspiron,Intel,Core i5,11th,8,DDR4,Windows,64,15.6,55990,256,0
ASUS,Vivobook,Intel,Core i5,11th,8,LPDDR4X,Windows,64,14,73990,512,0
ASUS,Vivobook,Intel,Core i3,11th,8,DDR4,Windows,64,15.6,44890,512,3.7
Lenovo,Yoga,AMD,Ryzen 5,Missing,16,LPDDR4X,Windows,64,13.3,81978,1024,0
ASUS,Zephyrus,AMD,Ryzen 7,Missing,8,DDR4,Windows,64,14,111000,1024,4.2
Lenovo,Yoga,Intel,Core i7,11th,16,DDR4,Windows,64,14,102990,1024,3.4
Lenovo,Ideapad,Intel,Core i3,11th,8,DDR4,Windows,64,15.6,39998,256,4.3
HP,Pavilion,Intel,Core i7,11th,16,DDR4,Windows,64,15.6,92000,512,0
HP,Pavilion,AMD,Ryzen 5,Missing,8,DDR4,Windows,64,15.6,59990,1024,3.3
LG,Gram,Intel,Core i5,11th,8,DDR4,Windows,64,16,86990,512,4.2
HP,14s,Intel,Core i3,11th,8,DDR4,Windows,64,14,42490,256,3.9
MSI,GF63,Intel,Core i5,10th,8,DDR4,Windows,64,15.6,52990,1024,0
HP,Core,Intel,Core i5,11th,8,DDR4,Windows,64,15.6,61000,512,0
acer,Aspire,AMD,Ryzen 7,Missing,8,DDR4,Windows,64,15.6,59990,512,4.4
ASUS,Zenbook,Intel,Core i5,11th,8,LPDDR4X,Windows,64,14,99990,512,4.2
ASUS,ROG,AMD,Ryzen 9,Missing,32,LPDDR4X,Windows,64,13.4,124990,1024,4.5
acer,Predator,Intel,Core i7,10th,16,DDR4,Windows,64,15.6,119990,1280,4.1
ASUS,ROG,AMD,Ryzen 7,Missing,16,DDR5,Windows,32,15.6,111990,512,0
Lenovo,Thinkpad,Intel,Core i5,11th,8,DDR4,Windows,64,15.6,67990,512,4.4
acer,Aspire,AMD,Ryzen 5,Missing,8,DDR4,Windows,64,15.6,49990,512,4.1
HP,Ryzen,AMD,Ryzen 7,Missing,16,DDR4,Windows,32,13.3,109000,512,4.3
DELL,G3,Intel,Core i5,10th,8,DDR4,Windows,64,15.6,77900,1280,0
DELL,Inspiron,Intel,Core i5,11th,8,DDR4,Windows,64,14,70799,512,4.9
HP,14s,AMD,Ryzen 5,Missing,8,DDR4,Windows,64,14,52500,512,4.2
lenovo,Yoga,Intel,Core i7,Missing,,,Missing,32,Missing,171998,0,4.6
Lenovo,Core,Intel,Core i5,7th,4,DDR4,Windows,32,14,57999,1024,0
Lenovo,B50-70,Intel,Core i5,4th,8,DDR3,Windows,64,15.6,52490,1024,4.8
ASUS,Zenbook,Intel,Core i7,11th,16,LPDDR4X,Windows,64,14,119990,1024,4.5
Lenovo,Ideapad,Intel,Core i5,8th,4,DDR4,Windows,64,15.6,56990,1024,0
Lenovo,Thinkpad,Intel,Core i5,11th,8,DDR4,Windows,64,15.6,65990,512,4.3
acer,Swift,Intel,Core i5,8th,8,DDR3,Windows,64,14,81998,256,4.7
ASUS,ROG,AMD,Ryzen 9,Missing,16,DDR4,Windows,64,15.6,141990,1024,4.3
ASUS,Vivobook,Intel,Core i5,8th,8,DDR4,Windows,64,14,53690,512,0
DELL,Core,Intel,Core i5,Missing,,,Missing,32,Missing,68090,0,0
MSI,WF65,Intel,Core i7,10th,16,DDR4,Windows,64,15.6,159990,1280,3.8
ASUS,Pentium,Intel,Pentium Quad,Missing,4,DDR4,Windows,32,13.3,58100,128,4.8
Vaio,E,AMD,Ryzen 5,Missing,8,DDR4,Windows,64,15.6,49590,512,4
ASUS,Vivobook,AMD,Ryzen 9,Missing,16,DDR4,Windows,64,16,162990,1024,4.1
MSI,Modern,Intel,Core i5,11th,8,DDR4,Windows,64,14,55990,512,4
ASUS,Zephyrus,Intel,Core i9,11th,32,DDR4,Windows,32,17.3,441990,3072,4.2
ASUS,Vivobook,Intel,Core i5,11th,8,DDR4,Windows,64,15.6,53190,512,4.4
Lenovo,Ideapad,Intel,Core i5,10th,8,DDR4,Windows,32,15.6,58999,512,1.6
ASUS,F17,Intel,Core i5,11th,8,DDR4,Windows,64,17.3,84500,1024,0
Lenovo,Core,Intel,Core i3,10th,8,DDR4,Windows,32,15.6,41990,256,0
ASUS,Core,Intel,Core i7,11th,16,DDR4,Windows,32,15.6,120980,1024,4.1
DELL,Inspiron,Intel,Core i5,11th,8,DDR4,Windows,64,15.6,71990,512,0
HP,14s,Intel,Core i3,10th,4,DDR4,Windows,64,14,36490,1024,0
HP,Core,Intel,Core i5,11th,8,DDR4,Windows,32,16.1,82000,512,5
ASUS,Core,Intel,Core i3,11th,8,DDR4,Windows,32,15.6,48490,256,4.5
ASUS,Vivobook,Intel,Core i3,10th,8,DDR4,Windows,64,15.6,38990,1024,4.4
ASUS,Zephyrus,Intel,Core i7,11th,16,DDR4,Windows,32,16,157249,1024,4.3
ASUS,Ryzen,AMD,Ryzen 5,Missing,8,DDR4,Windows,64,15.6,49990,512,3.7
ASUS,Zenbook,Intel,Core i5,11th,16,LPDDR4X,Windows,64,13.3,84990,512,0
DELL,Inspiron,Intel,Core i5,11th,8,DDR4,Windows,64,15.6,67490,1280,0
acer,Aspire,AMD,Ryzen 5,Missing,8,DDR4,Windows,64,15.6,75999,512,3.8
ASUS,Vivobook,AMD,Ryzen 9,Missing,16,DDR4,Windows,64,16,130500,1024,0
Lenovo,Core,Intel,Core i7,9th,16,DDR4,Windows,64,15.6,229900,1024,0
HP,Core,Intel,Core i3,11th,8,DDR4,Windows,64,14,44376,256,4
HP,Spectre,Intel,Core i7,10th,16,DDR4,Windows,64,13.3,162990,512,4.3
acer,Dual,AMD,Dual Core,Missing,4,DDR4,Windows,64,15.6,31990,256,4.5
acer,Spin,Intel,Core i7,Missing,,,Missing,32,Missing,119990,0,4
ASUS,Vivobook,Intel,Pentium Quad,Missing,8,DDR4,Windows,64,14,32990,256,0
Lenovo,Thinkpad,Intel,Core i5,11th,8,DDR4,Windows,64,15.6,89998,512,3.8
DELL,XPS,Intel,Core i7,11th,16,LPDDR4X,Windows,64,13.3,135300,512,0
MSI,Modern,Intel,Core i7,11th,8,DDR4,Windows,64,14,64990,512,0
acer,Aspire,Intel,Core i5,8th,8,DDR4,Windows,64,15.6,61990,1024,0
ASUS,Vivobook,AMD,Ryzen 9,Missing,8,DDR4,Windows,64,14,116990,1024,4.2
ASUS,Zenbook,Intel,Core i5,11th,8,LPDDR4X,Windows,64,14,99990,512,3.3
ASUS,Vivobook,Intel,Core i3,10th,4,DDR4,Windows,64,14,41490,512,4
ASUS,ASUS,Intel,Core i7,11th,16,DDR4,Windows,64,15.6,131500,1024,4
ASUS,Zenbook,Intel,Core i5,11th,8,LPDDR4X,Windows,64,13.3,84990,512,4.3
Lenovo,Ideapad,Intel,Core i5,10th,8,DDR4,Windows,64,15.6,69899,512,0
DELL,Vostro,Intel,Core i5,11th,8,DDR4,Windows,64,14,61990,1280,5
DELL,Inpiron,Intel,Core i5,10th,8,DDR4,Windows,64,15.6,79990,512,4.4
ASUS,Ryzen,AMD,Ryzen 9,Missing,16,DDR4,Windows,32,14,138990,1024,4.1
DELL,GAMING,Intel,Core i5,10th,8,DDR4,Windows,64,15.6,76300,512,0
DELL,Vostro,Intel,Core i3,10th,4,DDR4,Windows,64,14,44290,1280,0
DELL,Core,Intel,Core i5,11th,8,DDR4,Windows,32,15,58090,1024,4.4
DELL,G5,AMD,Ryzen 7,Missing,16,DDR4,Windows,64,15.6,89990,512,0
Lenovo,Yoga,AMD,Ryzen 7,Missing,16,DDR4,Windows,64,13.3,78988,512,0
Lenovo,Ideapad,Intel,Core i5,10th,8,DDR4,Windows,64,15.6,55999,512,4.3
DELL,Inspiron,Intel,Core i5,11th,8,DDR4,Windows,64,14,72900,512,0
Lenovo,Thinkpad,Intel,Core i7,10th,16,DDR4,Windows,64,13.3,174527,512,0
DELL,Inspiron,Intel,Core i5,11th,8,DDR4,Windows,64,14,73990,512,0
Lenovo,Thinkpad,Intel,Core i5,10th,8,DDR4,Windows,64,14,125394,1024,4.2
ASUS,ROG,AMD,Ryzen 9,Missing,32,LPDDR4X,Windows,64,13.4,234990,1024,0
ASUS,Vivobook,AMD,Ryzen 5,Missing,8,DDR4,Windows,64,17.3,62990,1280,0
DELL,Inspiron,Intel,Core i3,11th,8,DDR4,Windows,64,15.6,48999,1280,4.1
ASUS,Zenbook,Intel,Core i5,11th,16,LPDDR4,Windows,64,13.3,84990,512,0
DELL,Core,Intel,Core i5,11th,16,DDR4,Windows,32,15.6,73519,512,0
Lenovo,Ryzen,AMD,Ryzen 7,Missing,16,DDR4,Windows,64,15.6,73138,512,3.9
ASUS,ExpertBook,Intel,Core i7,10th,16,LPDDR3,Windows,64,14,154990,1024,0
HP,Spectre,Intel,Core i5,10th,8,DDR4,Windows,64,13.3,126000,512,4.5
Lenovo,Thinkpad,Intel,Core i7,10th,8,DDR4,Windows,64,13.3,162299,512,0
ASUS,Core,Intel,Core i3,10th,4,DDR4,Windows,32,15.6,33990,1024,0
ASUS,ExpertBook,Intel,Core i5,10th,8,DDR4,Missing,32,14,69990,512,4.2
LG,Gram,Intel,Core i5,11th,8,DDR4,Windows,64,14,76990,256,0
ASUS,ASUS,Intel,Core i5,11th,16,DDR4,Windows,64,15.6,88990,512,0
ASUS,AMD,AMD,Ryzen 5,Missing,16,DDR4,Windows,64,13.3,80990,512,0
Avita,PURA,AMD,APU Dual,Missing,8,DDR4,Windows,64,14,24990,256,3
DELL,DELL,AMD,Ryzen 3,Missing,8,DDR4,Windows,64,15.6,43990,1024,5
HP,HP,Intel,Core i5,11th,16,DDR4,Windows,64,13.5,114999,512,5
DELL,Core,Intel,Core i3,11th,8,DDR4,Windows,32,15.6,43900,256,0
DELL,Inspiron,Intel,Core i5,11th,16,DDR4,Windows,64,14,82990,512,3.7
DELL,Inspiron,Intel,Core i3,11th,8,DDR4,Windows,64,15.6,46690,256,5
acer,Intel,Intel,Core i5,11th,8,DDR4,Windows,64,14,109999,512,0
ASUS,ROG,AMD,Ryzen 9,Missing,16,DDR4,Windows,64,15.6,135990,1024,0
ASUS,ExpertBook,Intel,Core i7,10th,16,LPDDR3,Windows,64,14,165990,1024,0
Lenovo,Yoga,Intel,Core i5,11th,16,DDR4,Windows,64,14,82990,512,0
ASUS,ExpertBook,Intel,Core i5,10th,8,DDR4,Windows,64,14,56990,1024,3.7
Lenovo,Yoga,Intel,Core i7,10th,16,LPDDR4X,Windows,64,14,119990,1024,0
DELL,Inspiron,Intel,Core i5,11th,8,DDR4,Windows,64,14,79990,512,0
Lenovo,Ryzen,AMD,Ryzen 7,Missing,16,DDR4,Windows,32,14,80490,1536,0
DELL,Inspiron,Intel,Core i7,10th,8,DDR4,Windows,64,13.3,109190,512,0
DELL,Inspiron,Intel,Core i3,10th,8,DDR4,Windows,64,15.6,43400,1024,4.5
ASUS,Zenbook,Intel,Core i5,11th,16,LPDDR4X,Windows,64,14,114990,512,0
HP,Spectre,Intel,Core i5,11th,16,LPDDR4X,Windows,64,13.5,129999,512,0
Lenovo,Core,Intel,Core i3,10th,4,DDR4,Windows,32,15.6,40990,256,0
Lenovo,Core,Intel,Core i3,10th,4,DDR4,Missing,64,15,38999,1024,0
HP,15s,Intel,Core i3,11th,8,DDR4,Windows,32,15.6,50990,512,0
DELL,Inspiron,Intel,Core i5,11th,4,DDR4,Windows,64,15.6,58990,1280,0
HP,Pavilion,Intel,Core i7,11th,16,DDR4,Windows,64,14,99999,512,2.5
acer,Aspire,Intel,Core i5,8th,8,DDR4,Windows,64,15.6,61597,1024,4.8
DELL,Inspiron,Intel,Core i5,11th,16,DDR4,Windows,64,15.6,71290,512,0
ASUS,ROG,Intel,Core i7,Missing,,,Missing,32,Missing,146490,0,0
Lenovo,Ideapad,Intel,Core i5,10th,8,DDR4,Windows,64,15.6,74999,1280,4.1
Lenovo,Ryzen,AMD,Ryzen 7,Missing,16,DDR4,Windows,64,15.6,106990,512,0
MSI,Prestige,Intel,Core i7,10th,16,DDR4,Windows,64,14,104990,512,0
HP,15s,Intel,Core i3,10th,8,DDR4,Windows,64,15.6,40750,1024,5
DELL,Vostro,Intel,Core i3,11th,4,DDR4,Windows,64,14,39990,1280,3.8
ASUS,Pro,Intel,Core i5,8th,8,DDR4,Windows,64,14,81990,1024,0
ASUS,ExpertBook,Intel,Core i7,10th,16,LPDDR3,Windows,64,14,167990,1024,4.3
ASUS,Ryzen,AMD,Ryzen 7,Missing,8,DDR4,Windows,32,15.6,79990,512,4.1
DELL,Inspiron,Intel,Core i5,10th,8,DDR4,Windows,64,14,79500,512,0
ASUS,ExpertBook,Intel,Core i7,10th,8,DDR4,Windows,64,14,93990,1024,0
DELL,Inspiron,Intel,Core i5,10th,8,DDR4,Windows,64,14,82990,512,0
ASUS,ROG,AMD,Ryzen 9,Missing,16,DDR4,Windows,64,14,144990,1024,3
ASUS,ExpertBook,Intel,Core i5,10th,4,DDR4,Windows,64,14,61249,1024,4.3
DELL,Inspiron,Intel,Core i3,10th,8,DDR4,Windows,64,15.6,43000,1024,0
DELL,Inspiron,Intel,Core i5,11th,8,DDR4,Windows,64,15.6,70980,512,4
acer,Aspire,AMD,Athlon Dual,Missing,4,DDR4,Windows,64,15.6,31990,256,4.8
ASUS,Core,Intel,Core i7,11th,16,LPDDR4X,Windows,64,13.3,109990,512,4.1
ASUS,Zenbook,Intel,Core i7,8th,16,DDR3,Windows,64,13.3,99990,512,3.9
iball,CompBook,Intel,Pentium Quad,Missing,4,DDR3,Windows,64,Missing,13990,0,0
ASUS,Zenbook,Intel,Core i5,11th,8,LPDDR4X,Windows,64,14,99990,512,0
ASUS,Pro,Intel,Core i7,8th,8,DDR4,Windows,64,14,98912,1280,0
HP,Core,Intel,Core i3,11th,8,DDR4,Windows,64,15.6,48900,512,4.3
HP,Spectre,Intel,Core i5,8th,8,DDR4,Windows,64,13.3,136590,256,0
Lenovo,Core,Intel,Core i7,8th,16,DDR4,Windows,64,14,244801,512,3.7
DELL,Inspiron,Intel,Core i3,10th,8,DDR4,Windows,64,15.6,39990,256,0
Lenovo,Ideapad,AMD,Ryzen 5,Missing,8,DDR4,Windows,32,15.6,59900,512,0
HP,430,Intel,Core i5,11th,8,DDR4,Windows,32,13.3,94000,512,4.1
Lenovo,Ideapad,Intel,Core i5,Missing,,,Missing,32,Missing,46990,0,4.4
ASUS,ExpertBook,Intel,Core i7,10th,16,LPDDR3,Windows,64,14,233990,2048,4.2
HP,Spectre,Intel,Core i7,11th,16,LPDDR4X,Windows,64,13.5,165000,1024,0
DELL,Core,Intel,Core i5,11th,16,DDR4,Windows,64,14,82990,512,4.3
DELL,Inspiron,Intel,Core i7,8th,8,DDR4,Windows,64,13.3,87990,256,3.8
ASUS,Zenbook,Intel,Core i7,11th,16,LPDDR4X,Windows,64,13.3,94990,512,0
MSI,Prestige,Intel,Core i5,11th,16,LPDDR4X,Windows,64,14,79990,512,0
Avita,PURA,AMD,APU Dual,Missing,4,DDR4,Windows,64,14,19990,128,4.3
HP,Ryzen,AMD,Ryzen 5,Missing,8,DDR4,Windows,64,14,52990,1280,0
Lenovo,Ideapad,Intel,Core i7,8th,8,DDR4,Windows,64,13.3,86000,512,0
ASUS,Pro,Intel,Core i5,8th,8,DDR4,Windows,64,14,85990,512,4
ASUS,ExpertBook,Intel,Core i5,10th,8,DDR4,Windows,64,14,86990,512,3.7
ASUS,Zenbook,Intel,Core i5,10th,8,LPDDR3,Windows,64,14,105990,512,0
ASUS,Vivo,Intel,Core i3,10th,4,DDR4,Windows,64,15.6,38000,1024,4.2
Lenovo,Core,Intel,Core i7,10th,16,DDR4,Windows,32,12,162399,512,0
Lenovo,V15,Intel,Core i3,11th,4,DDR4,Windows,64,15.6,43990,256,0
ASUS,Ryzen,AMD,Ryzen 9,Missing,8,DDR4,Windows,64,14,149990,1024,4.4
DELL,Inspiron,AMD,Ryzen 7,Missing,16,DDR4,Windows,64,14,89570,512,4.1
HP,15s,AMD,Ryzen 5,Missing,8,DDR4,Windows,64,15.6,54590,512,0
ASUS,Vivobook,Intel,Core i3,10th,4,DDR4,Windows,64,14,40990,512,4.9
ASUS,ExpertBook,Intel,Core i5,10th,8,LPDDR3,Windows,64,14,84990,512,3.7
ASUS,Vivobook,Intel,Core i3,11th,4,DDR4,Windows,64,14,36990,256,4.4
ASUS,Ryzen,AMD,Ryzen 5,Missing,8,DDR4,Windows,64,15.6,75100,1280,0
Lenovo,Ideapad,Intel,Core i5,8th,8,DDR4,Windows,64,15.6,59999,512,0
DELL,Core,Intel,Core i5,11th,8,DDR4,Windows,32,14,58990,1024,0
HP,Core,Intel,Core i7,11th,8,DDR4,Windows,32,14,119599,512,5
DELL,Inspiron,AMD,Ryzen 5,Missing,8,DDR4,Windows,64,14,75500,512,4.7
DELL,Vostro,Intel,Core i3,10th,8,DDR4,Windows,64,15.6,41790,512,0
Lenovo,Yoga,Intel,Core i5,11th,16,DDR4,Windows,64,14,91999,512,0
Lenovo,Ideapad,Intel,Core i3,11th,8,DDR4,Windows,64,14,57999,512,0
Lenovo,Core,Intel,Core i7,10th,16,LPDDR3,Windows,64,14,211753,512,0
ASUS,Vivobook,Intel,Core i5,11th,8,DDR4,Windows,64,15.6,68900,1280,4.4
Lenovo,APU,AMD,APU Dual,Missing,4,DDR4,Missing,64,14,21896,1024,4.4
DELL,Inspiron,Intel,Core i5,11th,16,DDR4,Windows,64,14,78900,512,0
ASUS,ExpertBook,Intel,Core i5,10th,8,DDR4,Windows,64,14,83990,1024,4.5
ASUS,ExpertBook,Intel,Core i5,10th,8,LPDDR3,Windows,64,14,132790,512,0
ASUS,Ryzen,AMD,Ryzen 9,Missing,16,DDR4,Windows,64,14,142990,1024,4.4
HP,15s,AMD,Ryzen 7,Missing,8,DDR4,Windows,64,15.6,68500,512,0
Avita,PURA,AMD,APU Dual,Missing,4,DDR4,Windows,64,14,21490,128,0
HP,Ryzen,AMD,Ryzen 5,Missing,8,DDR4,Windows,64,15.6,51890,512,4.4
ASUS,ExpertBook,Intel,Core i5,10th,8,DDR4,Missing,32,14,58799,1024,0
DELL,Inspiron,Intel,Core i3,11th,8,DDR4,Windows,64,14.96,37990,1024,0
HP,APU,AMD,APU Dual,Missing,4,DDR4,Missing,32,14,20900,1024,4.6
Nokia,PureBook,Intel,Core i5,11th,16,DDR4,Windows,64,14,55990,512,3.4
Lenovo,Core,Intel,Core i5,10th,4,DDR4,Missing,32,14,49999,1024,0
HP,Chromebook,MediaTek,MediaTek Kompanio,Missing,4,LPDDR4X,Missing,32,Missing,22490,0,5
ASUS,Chromebook,Intel,Celeron Dual,Missing,4,LPDDR4,Missing,64,Missing,18990,0,3.9
HP,Chromebook,MediaTek,MediaTek Kompanio,Missing,4,LPDDR4X,Missing,32,Missing,22990,0,3.6
DELL,Core,Intel,Core i3,11th,8,DDR4,Windows,64,15.6,48500,256,0
ASUS,Vivobook,AMD,Ryzen 5,Missing,16,DDR4,Windows,64,17.3,78000,512,0
DELL,Inspiron,Intel,Core i5,11th,8,LPDDR4X,Windows,64,13.3,74190,1024,0
HP,250-G6,Intel,Core i5,7th,4,DDR4,Missing,32,15.6,46200,1024,4.5
HP,Pavilion,Intel,Core i5,8th,8,DDR4,Windows,64,15.6,64990,1024,3.7
HP,14a,Intel,Celeron Dual,Missing,4,DDR4,Missing,64,Missing,26470,0,4.4
Lenovo,Ideapad,Intel,Core i5,11th,8,DDR4,Windows,64,15.6,60990,512,4.3
Lenovo,Ideapad,Intel,Celeron Dual,Missing,4,LPDDR4X,Missing,64,Missing,25990,0,0
Lenovo,Intel,Intel,Core i7,11th,16,DDR4,Windows,32,14,110999,512,3.7
Avita,PURA,AMD,APU Dual,Missing,8,DDR4,Windows,64,14,24990,256,3.9
ASUS,Chromebook,Intel,Celeron Dual,Missing,4,LPDDR4,Missing,32,Missing,17990,0,4.1
DELL,Inspiron,Intel,Core i5,11th,8,DDR4,Windows,64,15.6,71695,1280,0
Avita,Liber,Intel,Core i5,7th,8,DDR4,Windows,64,13.3,65556,512,3.8
HP,Chromebook,Intel,Celeron Dual,Missing,4,DDR4,Missing,64,Missing,27990,0,3.6
HP,DA,Intel,Core i3,7th,8,DDR4,Windows,64,15.6,49279,1024,3.8
Avita,Cosmos,Intel,Celeron Dual,Missing,4,DDR4,Windows,64,Missing,17490,0,0
ASUS,ASUS,Intel,Core i9,11th,16,DDR4,Windows,64,15.6,139990,1024,2.7
Avita,Liber,Intel,Core i7,10th,16,DDR4,Windows,64,14,62990,1024,4.5
HP,Athlon,AMD,Athlon Dual,Missing,32,DDR4,Missing,32,14,26899,32,4.2
Lenovo,Thinkbook,Intel,Core i7,11th,16,LPDDR4,Windows,64,13,85990,1024,4.3
Lenovo,Core,Intel,Core i3,10th,8,DDR4,Windows,32,15.6,38999,1024,3.6
DELL,Inspiron,Intel,Core i5,11th,16,DDR4,Windows,64,15.6,70190,512,3.9
Vaio,E,AMD,Ryzen 5,Missing,8,DDR4,Windows,64,15.6,50990,512,3.7
DELL,Core,Intel,Core i5,11th,8,DDR4,Windows,64,14,79590,512,0
HP,Pavilion,AMD,Ryzen 5,Missing,16,DDR4,Windows,64,14,59999,512,3.7
HP,15q,AMD,Ryzen 3,Missing,4,DDR4,Windows,64,15.6,32917,1024,3.6
Avita,Liber,Intel,Core i5,7th,8,DDR4,Windows,64,13.3,65556,512,4.2
ASUS,TUF,Intel,Core i5,11th,8,DDR4,Windows,64,15.6,76990,512,0
ASUS,Vivobook,Intel,Core i3,11th,8,DDR4,Windows,64,15.6,48990,256,3.8
HP,HP,Intel,Core i7,11th,16,DDR4,Windows,64,13.3,94990,1024,4.5
Nokia,PureBook,Intel,Core i5,11th,8,DDR4,Windows,64,14,52790,512,3.6
DELL,Core,Intel,Core i7,11th,16,DDR4,Windows,64,15.6,99990,512,0
HP,OMEN,Intel,Core i7,11th,16,DDR4,Windows,64,16.1,136990,1024,3.9
DELL,Inspiron,Intel,Core i3,11th,8,DDR4,Windows,64,15.6,45930,512,0
Lenovo,Ideapad,AMD,Ryzen 7,Missing,16,DDR4,Windows,64,14,73400,512,3.4
HP,Pavilion,Intel,Core i3,11th,8,DDR4,Windows,64,14,55490,512,3.6
Avita,Liber,Intel,Core i5,7th,8,DDR4,Windows,64,13.3,65556,512,3.5
acer,Swift,Intel,Core i7,Missing,,,Missing,32,Missing,94190,0,4.1
Vaio,E,AMD,Ryzen 7,Missing,8,DDR4,Windows,64,15.6,57990,512,0
Lenovo,Legion,Intel,Core i7,10th,16,DDR4,Windows,64,15.6,234990,1024,4.1
HP,x360,Intel,Core i3,11th,8,DDR4,Missing,64,14,56490,256,4
Avita,Liber,Intel,Core i5,8th,8,DDR4,Windows,64,14,44990,512,0
ASUS,Intel,Intel,Core i5,11th,8,DDR4,Windows,64,13.3,84990,512,4
ASUS,Ryzen,AMD,Ryzen 7,Missing,16,LPDDR4X,Windows,64,13.3,84970,1024,0
HP,15q,Intel,Core i5,8th,8,DDR4,Windows,64,15.6,46790,1024,0
Smartron,t.book,Intel,Core i5,7th,4,DDR3,Windows,64,12.2,52990,128,0
DELL,Inspiron,AMD,Ryzen 3,Missing,8,DDR4,Windows,64,15.6,42090,512,4
HP,Pavilion,AMD,Ryzen 5,Missing,8,DDR4,Windows,64,15.6,64990,512,0
ASUS,EeeBook,Intel,Celeron Dual,Missing,4,DDR4,Windows,64,Missing,22990,0,0
HP,Pavilion,AMD,Ryzen 7,Missing,16,DDR4,Windows,64,14,79990,512,0
Lenovo,Ideapad,Intel,Core i5,10th,8,DDR4,Windows,64,14,86999,512,0
HP,Pavilion,Intel,Core i3,8th,4,DDR4,Windows,64,14,54238,256,4.3
HP,Pavilion,AMD,Ryzen 7,Missing,16,DDR4,Windows,64,15.6,84990,512,0
HP,Core,Intel,Core i5,7th,4,DDR4,Windows,64,15.6,44599,1024,4.3
ASUS,Core,Intel,Core i3,11th,8,DDR4,Windows,32,15.6,41500,1024,3.8
ASUS,Zenbook,Intel,Core i7,8th,8,LPDDR3,Windows,64,13.3,81990,512,0
acer,Core,Intel,Core i3,11th,4,DDR4,Windows,32,15.6,36999,1024,0
HP,Pavilion,Intel,Core i5,11th,16,DDR4,Windows,64,15.6,78000,512,3.4
DELL,Core,Intel,Core i3,11th,8,DDR4,Windows,32,15.6,42900,1024,3.9
Lenovo,Thinkbook,Intel,Core i5,11th,8,DDR4,Windows,64,13.3,64990,1024,3
ASUS,ExpertBook,Intel,Core i3,10th,4,DDR4,Missing,64,15.6,34649,1024,4.2
Avita,Liber,Intel,Core i5,8th,8,DDR4,Windows,64,14,73063,512,3.9
Avita,Liber,Intel,Core i5,8th,8,DDR4,Windows,64,14,73063,512,3.3
DELL,Inspiron,Intel,Core i5,8th,8,DDR4,Windows,64,15.6,62317,2048,3.8
HP,HP,Intel,Core i5,11th,16,DDR4,Windows,64,14,100990,512,0
Lenovo,Ideapad,Intel,Core i5,8th,8,DDR4,Windows,64,13.3,74990,512,3.5
ASUS,ROG,Intel,Core i5,10th,8,DDR4,Windows,64,15.6,75990,512,4.7
acer,Swift,Intel,Core i5,8th,8,DDR4,Windows,64,13.3,59490,256,4.4
ASUS,Vivobook14,Intel,Core i5,11th,8,DDR4,Windows,64,14.1,49800,256,4.6
Lenovo,Core,Intel,Core i9,10th,16,DDR4,Windows,32,15.6,265998,1024,2.8
DELL,Inspiron,Intel,Pentium Quad,Missing,4,DDR4,Windows,64,15.6,35990,256,4.1
MSI,GF63,Intel,Core i7,9th,8,DDR4,Windows,64,15.6,66990,512,3
Lenovo,Ideapad,Intel,Celeron Dual,Missing,4,LPDDR4,Missing,32,Missing,16990,0,4.3
Lenovo,Core,Intel,Core i5,11th,8,DDR4,Windows,32,15.6,84086,512,0
DELL,Insprion,Intel,Core i3,11th,8,DDR4,Windows,32,15.6,41480,1024,4.4
ASUS,Vivobook,Intel,Core i3,10th,8,DDR4,Windows,64,15.6,32990,1024,0
Lenovo,Ideapad,Intel,Core i5,11th,8,DDR4,Windows,64,15.6,61999,256,3
acer,Swift,Intel,Core i5,8th,8,DDR4,Windows,64,15.6,72964,1024,2.3
Avita,Liber,Intel,Core i7,8th,8,DDR4,Windows,64,14,73990,256,3.4
Avita,Liber,Intel,Core i7,8th,8,DDR4,Windows,64,14,73990,256,3.4
Avita,Liber,Intel,Core i7,8th,8,DDR4,Windows,64,14,73990,256,3.5
Avita,Liber,Intel,Core i7,8th,8,DDR4,Windows,64,14,73990,256,4
Avita,Liber,Intel,Core i7,8th,8,DDR4,Windows,64,14,73990,256,0
Lenovo,Ideapad,Intel,Celeron Dual,Missing,4,LPDDR4,Missing,32,Missing,24990,0,3.3
Avita,Liber,Intel,Core i7,8th,8,DDR4,Windows,64,14,73990,256,4.6
ASUS,Vivobook,Intel,Core i3,11th,8,DDR4,Windows,64,15.6,38680,1024,3.5
acer,Chromebook,Intel,Celeron Dual,Missing,4,DDR4,Missing,32,Missing,23990,0,0
Lenovo,Celeron,Intel,Celeron Dual,Missing,4,DDR4,Missing,32,15.6,29999,1024,0
Lenovo,Ryzen,AMD,Ryzen 3,Missing,4,DDR4,Windows,64,15.6,34990,1024,0
HP,250,Intel,Core i5,10th,8,DDR4,Windows,32,15.6,48790,1024,4.5
acer,Aspire,Intel,Core i5,10th,8,DDR4,Windows,64,15.6,56491,1024,3.4
HP,15q,Intel,Core i3,7th,4,DDR4,Missing,64,15.6,32955,1024,3.5
DELL,Inspiron,AMD,Ryzen 3,Missing,8,DDR4,Windows,64,14.96,39990,1024,3.8
acer,Travelmate,Intel,Core i5,11th,16,DDR4,Windows,64,14,62490,1280,2
APPLE,MacBook,Apple,M1 Processor,Missing,8,DDR4,Mac,64,13.3,104990,512,2.8
DELL,Core,Intel,Core i3,10th,8,DDR4,Windows,64,15.6,46390,1280,4.2
DELL,Core,Intel,Core i3,10th,8,DDR4,Windows,64,14.96,40390,1024,0
HP,Pavilion,Intel,Core i5,8th,8,DDR4,Windows,64,13.3,76012,128,0
ASUS,Vivobook,Intel,Core i3,10th,4,DDR4,Windows,64,14.1,33990,1024,0
Lenovo,V15,Intel,Core i3,10th,4,DDR4,Missing,64,15.6,39999,1024,0
